n,system,time
1,galactic,0.002752
1,fk5j2000,0.001413
1,fk5j1975,0.001870
10,galactic,0.002823
10,fk5j2000,0.001398
10,fk5j1975,0.001842
100,galactic,0.003179
100,fk5j2000,0.001619
100,fk5j1975,0.001818
1000,galactic,0.003131
1000,fk5j2000,0.001613
1000,fk5j1975,0.002028
10000,galactic,0.005890
10000,fk5j2000,0.003130
10000,fk5j1975,0.003510
100000,galactic,0.028635
100000,fk5j2000,0.015479
100000,fk5j1975,0.016745
1000000,galactic,0.301621
1000000,fk5j2000,0.161274
1000000,fk5j1975,0.164234
