n,system,time
1,galactic,0.014897
1,fk5j2000,0.010663
1,fk5j1975,0.011504
10,galactic,0.014987
10,fk5j2000,0.010773
10,fk5j1975,0.011410
100,galactic,0.015064
100,fk5j2000,0.010891
100,fk5j1975,0.011459
1000,galactic,0.015767
1000,fk5j2000,0.011127
1000,fk5j1975,0.011733
10000,galactic,0.021309
10000,fk5j2000,0.013757
10000,fk5j1975,0.014528
100000,galactic,0.076125
100000,fk5j2000,0.042389
100000,fk5j1975,0.043617
1000000,galactic,0.618876
1000000,fk5j2000,0.318667
1000000,fk5j1975,0.319495
