n,system,time
1,galactic,0.012248
1,fk5j2000,0.007191
1,fk5j1975,0.007642
10,galactic,0.012371
10,fk5j2000,0.007409
10,fk5j1975,0.007805
100,galactic,0.012408
100,fk5j2000,0.007420
100,fk5j1975,0.007825
1000,galactic,0.012972
1000,fk5j2000,0.007557
1000,fk5j1975,0.008031
10000,galactic,0.018050
10000,fk5j2000,0.009500
10000,fk5j1975,0.009988
100000,galactic,0.069510
100000,fk5j2000,0.030234
100000,fk5j1975,0.030646
1000000,galactic,0.728990
1000000,fk5j2000,0.385647
1000000,fk5j1975,0.382186
